,TIME,REAL IN,IN,REAL OUT,OUT,RMSE,MAE,ACC. IN,ACC.OUT
0,12_9,3,10,3,10,7.00,7.00,-133.33333333333334,-133.33333333333334
