,TIME,REAL IN,IN,REAL OUT,OUT,RMSE,MAE,ACC. IN,ACC.OUT
0,11_13,7,17,8,2,8.25,8.00,-42.85714285714286,25.0
"['11_23', 7, 13, 3, 5, '4.47', '4.00', 14.285714285714292, 33.33333333333334]"
"['11_23', 7, 13, 3, 5, '4.47', '4.00', 14.285714285714292, 33.33333333333334]"
"['11_32', 3, 19, 7, 0, '12.35', '11.50', -433.33333333333326, 0.0]"
"['11_40', 4, 14, 6, 5, '7.11', '5.50', -150.0, 83.33333333333334]"
"['11_40', 4, 14, 6, 5, '7.11', '5.50', -150.0, 83.33333333333334]"
"['12_12', 3, 10, 2, 10, '7.52', '7.50', -133.33333333333334, -300.0]"
